{
    "00001_1192x832.png":{
        "r1": 0.0000288,
        "r2": 0.000073,
        "r3": 0.00013, 
        "r4": 0.00016,
        "r5": 0.00032,
        "r6": 0.0005,
        "r7": 0.00056
    },
    "00002_853x945.png":{
        "r1": 0.000035,
        "r2": 0.00005,
        "r3": 0.00008,
        "r4": 0.0001,
        "r5": 0.00013,
        "r6": 0.00015,
        "r7": 0.00046

    },
    "00003_945x840.png":{
        "r1": 0.000025,
        "r2": 0.00005,
        "r3": 0.00007,
        "r4": 0.0002,
        "r5": 0.0003,
        "r6": 0.0004,
        "r7": 0.0005

    },
    "00004_2000x2496.png":{
        "r1": 0.0002,
        "r2": 0.0002255,
        "r3": 0.000226,
        "r4": 0.00025,
        "r5": 0.00045,
        "r6": 0.0004,
        "r7": 0.0005

    },
    "00005_560x888.png":{
        "r1": 0.00005,
        "r2": 0.0001,
        "r3": 0.00013,
        "r4": 0.00025,
        "r5": 0.0005,
        "r6": 0.0007,
        "r7": 0.001

    },
    "00006_2048x1536.png":{
        "r1": 0.00002,
        "r2": 0.00005,
        "r3": 0.0001,
        "r4": 0.00015,
        "r5": 0.0002,
        "r6": 0.0005,
        "r7": 0.0006

    },
    "00007_1600x1200.png":{
        "r1": 0.000039,
        "r2": 0.00005,
        "r3": 0.0001,
        "r4": 0.00015,
        "r5": 0.0002,
        "r6": 0.0003,
        "r7": 0.0005

    },
    "00008_1430x1834.png":{
        "r1": 0.00001,
        "r2": 0.00005,
        "r3": 0.0001,
        "r4": 0.00017,
        "r5": 0.0002,
        "r6": 0.0003,
        "r7": 0.0005
    },
    "00009_2048x1536.png":{
        "r1": 0.000006,
        "r2": 0.000015,
        "r3": 0.00003,
        "r4": 0.00004,
        "r5": 0.00006,
        "r6": 0.00007,
        "r7": 0.0001
    },
    "00010_2592x1946.png":{
        "r1": 0.00005,
        "r2": 0.00007,
        "r3": 0.00008,
        "r4": 0.0001,
        "r5": 0.00012,
        "r6": 0.00015,
        "r7": 0.0002

    }
}